web_scraper_order,web_scraper_start_url,pagination,data,data2,data3,data4,data5,data6,data7,image
1777380557-1,https://www.houseyog.com/get-house-plan,,34x52 East Facing 4 BHK House Plan - Spacious Single Floor Design with Big Hall & Living (1768 Sq Ft),3BHK house plan for 1768 sqft plot:  34x52 house plan East facing with 3 bed 3 bath,Layout: 34 x 52 ft,Built-up Area: 1768 sqft,View House Plan & Download PDF,Layout,Built-up Area,https://www.houseyog.com/res/floorplan/fp1285-34x52-house-plan-east-face-thumb-img.png
1777380557-2,https://www.houseyog.com/get-house-plan,,30x40 East Facing 3 BHK House Plan with Open Porch - Village Style Layout (1200 Sq Ft),2BHK house plan for 1200 sqft plot:  30x40 house plan East facing with 2 bed 1 bath and car parking,Layout: 30 x 40 ft,Built-up Area: 1200 sqft,View House Plan & Download PDF,Layout,Built-up Area,https://www.houseyog.com/res/floorplan/fp1286-30x40-house-plan-east-face-thumb-img.png
1777380557-3,https://www.houseyog.com/get-house-plan,,30x40 East Facing 2BHK House Plan with Shop (1200 Sq Ft),2BHK house plan for 1200 sqft plot:  30x40 house plan East facing with 2 bed 1 bath,Layout: 30 x 40 ft,Built-up Area: 1200 sqft,View House Plan & Download PDF,Layout,Built-up Area,https://www.houseyog.com/res/floorplan/fp1287-30x40-house-plan-east-face-thumb-img.png
1777380557-4,https://www.houseyog.com/get-house-plan,,20x30 East Facing 2BHK House Plan with Front Stairs (600 Sq Ft),2BHK house plan for 600 sqft plot:  20x30 house plan East facing with 2 bed 2 bath,Layout: 20 x 30 ft,Built-up Area: 600 sqft,View House Plan & Download PDF,Layout,Built-up Area,https://www.houseyog.com/res/floorplan/fp1284-20x30-house-plan-east-face-thumb-img.png
1777380557-5,https://www.houseyog.com/get-house-plan,,30x50 East Facing 2BHK House Plan (1500 Sq Ft) with Puja & Verandah,2BHK house plan for 1500 sqft plot:  30x50 house plan East facing with 2 bed 2 bath,Layout: 30 x 50 ft,Built-up Area: 1500 sqft,View House Plan & Download PDF,Layout,Built-up Area,https://www.houseyog.com/res/floorplan/fp1282-30x50-house-plan-east-face-thumb-img.png
1777380557-6,https://www.houseyog.com/get-house-plan,,30x35 North Facing 3BHK House Plan (1050 Sq Ft) - 4 Room Single Floor Layout,3BHK house plan for 1050 sqft plot:  30x35 house plan North facing with 3 bed 2 bath,Layout: 30 x 35 ft,Built-up Area: 1050 sqft,View House Plan & Download PDF,Layout,Built-up Area,https://www.houseyog.com/res/floorplan/fp1279-30x35-house-plan-north-face-thumb-img.png
1777380557-7,https://www.houseyog.com/get-house-plan,,30x40 West Facing 2BHK House Plan with Verandah & Separate Dining (1200 Sq Ft),2BHK house plan for 1200 sqft plot:  30x40 house plan West facing with 2 bed 1 bath,Layout: 30 x 40 ft,Built-up Area: 1200 sqft,View House Plan & Download PDF,Layout,Built-up Area,https://www.houseyog.com/res/floorplan/fp1280-30x40-house-plan-west-face-thumb-img.png
1777380557-8,https://www.houseyog.com/get-house-plan,,30x40 West Facing 3BHK House Plan with 3 Bathrooms & Attached Dressers (1200 Sq Ft),3BHK house plan for 1200 sqft plot:  30x40 house plan West facing with 3 bed 3 bath,Layout: 30 x 40 ft,Built-up Area: 1200 sqft,View House Plan & Download PDF,Layout,Built-up Area,https://www.houseyog.com/res/floorplan/fp1281-30x40-house-plan-west-face-thumb-img.png
1777380557-9,https://www.houseyog.com/get-house-plan,,"25x40 South Facing House Plan - 3BHK, 1000 Sqft (Vastu Compliant)",3BHK house plan for 1000 sqft plot:  25x40 house plan South facing with 3 bed 2 bath,Layout: 25 x 40 ft,Built-up Area: 1000 sqft,View House Plan & Download PDF,Layout,Built-up Area,https://www.houseyog.com/res/floorplan/fp1019-th-fp1019-25x40-house-plan-south-face-thumb-img.jpg
1777380557-10,https://www.houseyog.com/get-house-plan,,"25x40 East Facing 3BHK House Plan with Parking (1000 Sq Ft, Single Floor)",3BHK house plan for 1000 sqft plot:  25x40 house plan East facing with 3 bed 2 bath and car parking,Layout: 25 x 40 ft,Built-up Area: 1000 sqft,View House Plan & Download PDF,Layout,Built-up Area,https://www.houseyog.com/res/floorplan/fp1277-25x40-house-plan-east-face-thumb-img.png
1777380557-11,https://www.houseyog.com/get-house-plan,,"23x38 East Facing 2BHK House Plan with Parking & Puja (874 Sq Ft, Spacious Hall)",2BHK house plan for 874 sqft plot:  23x38 house plan East facing with 2 bed 1 bath and car parking,Layout: 23 x 38 ft,Built-up Area: 874 sqft,View House Plan & Download PDF,Layout,Built-up Area,https://www.houseyog.com/res/floorplan/fp1278-23x38-house-plan-east-face-thumb-img.png
1777380557-12,https://www.houseyog.com/get-house-plan,,25x40 House Plan North Facing - 1BHK on ground floor for Village,1BHK house plan for 1000 sqft plot:  25x40 house plan North facing with 1 bed 2 bath and car parking,Layout: 25 x 40 ft,Built-up Area: 1000 sqft,View House Plan & Download PDF,Layout,Built-up Area,https://www.houseyog.com/res/floorplan/fp1061-25x40-house-plan-north-face-thumb-img.jpg
1777380559-13,https://www.houseyog.com/get-house-plan,https://www.houseyog.com/get-house-plan?p=2,26x42 House Plan West Facing - Luxurious 2 BHK Village Home with Dalan & Guest Room on 1092 Sq Ft,2BHK house plan for 1092 sqft plot:  26x42 house plan West facing with 2 bed 3 bath,Layout: 26 x 42 ft,Built-up Area: 1092 sqft,View House Plan & Download PDF,Layout,Built-up Area,https://www.houseyog.com/res/floorplan/fp1128-26x42-house-plan-west-face-thumb-img.png
1777380559-14,https://www.houseyog.com/get-house-plan,https://www.houseyog.com/get-house-plan?p=2,25x40 East Facing House Plan - 2 BHK Single Floor Layout (1000 sq ft),2BHK house plan for 1000 sqft plot:  25x40 house plan East facing with 2 bed 1 bath,Layout: 25 x 40 ft,Built-up Area: 1000 sqft,View House Plan & Download PDF,Layout,Built-up Area,https://www.houseyog.com/res/floorplan/fp1167-25x40-house-plan-east-face-thumb-img.png
1777380559-15,https://www.houseyog.com/get-house-plan,https://www.houseyog.com/get-house-plan?p=2,25x40 East Facing 3BHK House Plan | 1000 sq ft Single Floor Layout,3BHK house plan for 1000 sqft plot:  25x40 house plan East facing with 3 bed 1 bath,Layout: 25 x 40 ft,Built-up Area: 1000 sqft,View House Plan & Download PDF,Layout,Built-up Area,https://www.houseyog.com/res/floorplan/fp1170-25x40-house-plan-east-face-thumb-img.png
1777380559-16,https://www.houseyog.com/get-house-plan,https://www.houseyog.com/get-house-plan?p=2,25x40 East Facing 2BHK House Plan - 1000 sq ft Single Floor Design with Car Parking,2BHK house plan for 1000 sqft plot:  25x40 house plan East facing with 2 bed 2 bath and car parking,Layout: 25 x 40 ft,Built-up Area: 1000 sqft,View House Plan & Download PDF,Layout,Built-up Area,https://www.houseyog.com/res/floorplan/fp1176-25x40-house-plan-east-face-thumb-img.png
1777380559-17,https://www.houseyog.com/get-house-plan,https://www.houseyog.com/get-house-plan?p=2,25x40 House Plan West Facing - 3BHK Single Floor Layout for 1000 sq ft,3BHK house plan for 1000 sqft plot:  25x40 house plan West facing with 3 bed 1 bath,Layout: 25 x 40 ft,Built-up Area: 1000 sqft,View House Plan & Download PDF,Layout,Built-up Area,https://www.houseyog.com/res/floorplan/fp1181-25x40-house-plan-west-face-thumb-img.png
1777380559-18,https://www.houseyog.com/get-house-plan,https://www.houseyog.com/get-house-plan?p=2,2 BHK House Plan 1000 Sq Ft - 25x40 West Facing Single Floor Home,2BHK house plan for 1000 sqft plot:  25x40 house plan West facing with 2 bed 2 bath,Layout: 25 x 40 ft,Built-up Area: 1000 sqft,View House Plan & Download PDF,Layout,Built-up Area,https://www.houseyog.com/res/floorplan/fp1227-25x40-house-plan-west-face-thumb-img.png
1777380559-19,https://www.houseyog.com/get-house-plan,https://www.houseyog.com/get-house-plan?p=2,25x40 East Facing 3BHK Village House Plan for Two Brothers (1000 Sq Ft),2BHK house plan for 1000 sqft plot:  25x40 house plan East facing with 2 bed 2 bath,Layout: 25 x 40 ft,Built-up Area: 1000 sqft,View House Plan & Download PDF,Layout,Built-up Area,https://www.houseyog.com/res/floorplan/fp1248-25x40-house-plan-east-face-thumb-img.png
1777380559-20,https://www.houseyog.com/get-house-plan,https://www.houseyog.com/get-house-plan?p=2,25x40 North Facing 2BHK House Plan with Car Parking (1000 Sq Ft Modern Design),2BHK house plan for 1000 sqft plot:  25x40 house plan North facing with 2 bed 2 bath and car parking,Layout: 25 x 40 ft,Built-up Area: 1000 sqft,View House Plan & Download PDF,Layout,Built-up Area,https://www.houseyog.com/res/floorplan/fp1249-25x40-house-plan-north-face-thumb-img.png
1777380559-21,https://www.houseyog.com/get-house-plan,https://www.houseyog.com/get-house-plan?p=2,25x45 South Facing 3BHK House Plan with Puja Room & Lawn (1125 Sq Ft Single Floor),2BHK house plan for 1125 sqft plot:  25x45 house plan South facing with 2 bed 3 bath,Layout: 25 x 45 ft,Built-up Area: 1125 sqft,View House Plan & Download PDF,Layout,Built-up Area,https://www.houseyog.com/res/floorplan/fp1276-25x45-house-plan-south-face-thumb-img.png
1777380559-22,https://www.houseyog.com/get-house-plan,https://www.houseyog.com/get-house-plan?p=2,20x33 North Facing 2BHK House Plan (660 Sq Ft) | Budget Small Home Design with Verandah,2BHK house plan for 660 sqft plot:  20x33 house plan North facing with 2 bed 1 bath,Layout: 20 x 33 ft,Built-up Area: 660 sqft,View House Plan & Download PDF,Layout,Built-up Area,https://www.houseyog.com/res/floorplan/fp1273-20x33-house-plan-north-face-thumb-img.png
1777380559-23,https://www.houseyog.com/get-house-plan,https://www.houseyog.com/get-house-plan?p=2,30x40 South Facing 3BHK House Plan with Puja Room & Porch (1200 Sq Ft),2BHK house plan for 1200 sqft plot:  30x40 house plan South facing with 2 bed 2 bath,Layout: 30 x 40 ft,Built-up Area: 1200 sqft,View House Plan & Download PDF,Layout,Built-up Area,https://www.houseyog.com/res/floorplan/fp1274-30x40-house-plan-south-face-thumb-img.png
1777380559-24,https://www.houseyog.com/get-house-plan,https://www.houseyog.com/get-house-plan?p=2,25x25 South Facing 2BHK House Plan with Puja Room & Verandah (625 Sq Ft),2BHK house plan for 625 sqft plot:  25x25 house plan South facing with 2 bed 1 bath,Layout: 25 x 25 ft,Built-up Area: 625 sqft,View House Plan & Download PDF,Layout,Built-up Area,https://www.houseyog.com/res/floorplan/fp1275-25x25-house-plan-south-face-thumb-img.png
1777380562-25,https://www.houseyog.com/get-house-plan,https://www.houseyog.com/get-house-plan?p=5,22x45 West Facing 2BHK House Plan with Car Parking - 990 Sqft Modern Layout,2BHK house plan for 990 sqft plot:  22x45 house plan West facing with 2 bed 2 bath and car parking,Layout: 22 x 45 ft,Built-up Area: 990 sqft,View House Plan & Download PDF,Layout,Built-up Area,https://www.houseyog.com/res/floorplan/fp1242-22x45-house-plan-west-face-thumb-img.png
1777380562-26,https://www.houseyog.com/get-house-plan,https://www.houseyog.com/get-house-plan?p=5,32x35 West Facing 2BHK House Plan with Verandah - 900 Sq Ft Modern Layout,2BHK house plan for 1120 sqft plot:  32x35 house plan West facing with 2 bed 1 bath,Layout: 32 x 35 ft,Built-up Area: 1120 sqft,View House Plan & Download PDF,Layout,Built-up Area,https://www.houseyog.com/res/floorplan/fp1243-32x35-house-plan-west-face-thumb-img.png
1777380562-27,https://www.houseyog.com/get-house-plan,https://www.houseyog.com/get-house-plan?p=5,30x50 North Facing 2BHK House Plan with Parking - 1500 Sq Ft Luxury Layout,2BHK house plan for 1500 sqft plot:  30x50 house plan North facing with 2 bed 3 bath and car parking,Layout: 30 x 50 ft,Built-up Area: 1500 sqft,View House Plan & Download PDF,Layout,Built-up Area,https://www.houseyog.com/res/floorplan/fp1244-30x50-house-plan-north-face-thumb-img.png
1777380562-28,https://www.houseyog.com/get-house-plan,https://www.houseyog.com/get-house-plan?p=5,25x35 North Facing 2BHK Small Budget House Plan with Puja Room - 875 Sq Ft,2BHK house plan for 875 sqft plot:  25x35 house plan North facing with 2 bed 1 bath,Layout: 25 x 35 ft,Built-up Area: 875 sqft,View House Plan & Download PDF,Layout,Built-up Area,https://www.houseyog.com/res/floorplan/fp1245-25x35-house-plan-north-face-thumb-img.png
1777380562-29,https://www.houseyog.com/get-house-plan,https://www.houseyog.com/get-house-plan?p=5,25x33 East Facing 2BHK Low Budget House Plan with Puja Room - 825 Sq Ft,2BHK house plan for 825 sqft plot:  25x33 house plan East facing with 2 bed 1 bath,Layout: 25 x 33 ft,Built-up Area: 825 sqft,View House Plan & Download PDF,Layout,Built-up Area,https://www.houseyog.com/res/floorplan/fp1246-25x33-house-plan-east-face-thumb-img.png
1777380562-30,https://www.houseyog.com/get-house-plan,https://www.houseyog.com/get-house-plan?p=5,24×45 House Plan North Facing - 2BHK Ground Floor with Parking (1080 Sq Ft),2BHK house plan for 1080 sqft plot:  24x45 house plan North facing with 2 bed 2 bath and car parking,Layout: 24 x 45 ft,Built-up Area: 1080 sqft,View House Plan & Download PDF,Layout,Built-up Area,https://www.houseyog.com/res/floorplan/fp1240-24x45-house-plan-north-face-thumb-img.png
1777380562-31,https://www.houseyog.com/get-house-plan,https://www.houseyog.com/get-house-plan?p=5,41×46 House Plan South Facing - Luxurious 2BHK with Porch (1886 Sq Ft),2BHK house plan for 1886 sqft plot:  41x46 house plan South facing with 2 bed 2 bath,Layout: 41 x 46 ft,Built-up Area: 1886 sqft,View House Plan & Download PDF,Layout,Built-up Area,https://www.houseyog.com/res/floorplan/fp1241-41x46-house-plan-south-face-thumb-img.png
1777380562-32,https://www.houseyog.com/get-house-plan,https://www.houseyog.com/get-house-plan?p=5,27×35 House Plan North Facing - 2BHK Ground Floor Plan with Verandah (935 Sq Ft),2BHK house plan for 945 sqft plot:  27x35 house plan North facing with 2 bed 2 bath,Layout: 27 x 35 ft,Built-up Area: 945 sqft,View House Plan & Download PDF,Layout,Built-up Area,https://www.houseyog.com/res/floorplan/fp1237-27x35-house-plan-north-face-thumb-img.png
1777380562-33,https://www.houseyog.com/get-house-plan,https://www.houseyog.com/get-house-plan?p=5,18×30 House Plan North Facing - 3BHK Small Budget Two Storey Home (540 Sq Ft),1BHK house plan for 540 sqft plot:  18x30 house plan North facing with 1 bed 1 bath and car parking,Layout: 18 x 30 ft,Built-up Area: 540 sqft,View House Plan & Download PDF,Layout,Built-up Area,https://www.houseyog.com/res/floorplan/fp1238-18x30-house-plan-north-face-thumb-img.png
1777380562-34,https://www.houseyog.com/get-house-plan,https://www.houseyog.com/get-house-plan?p=5,31×41 House Plan North Facing - 2BHK Modern Layout with Parking (1271 Sq Ft),2BHK house plan for 1271 sqft plot:  31x41 house plan North facing with 2 bed 2 bath and car parking,Layout: 31 x 41 ft,Built-up Area: 1271 sqft,View House Plan & Download PDF,Layout,Built-up Area,https://www.houseyog.com/res/floorplan/fp1239-31x41-house-plan-north-face-thumb-img.png
1777380562-35,https://www.houseyog.com/get-house-plan,https://www.houseyog.com/get-house-plan?p=5,27×40 West Facing 3BHK House Plan (1080 Sq Ft) - Single Floor Village Home,3BHK house plan for 1080 sqft plot:  27x40 house plan West facing with 3 bed 1 bath,Layout: 27 x 40 ft,Built-up Area: 1080 sqft,View House Plan & Download PDF,Layout,Built-up Area,https://www.houseyog.com/res/floorplan/fp1235-27x40-house-plan-west-face-thumb-img.png
1777380562-36,https://www.houseyog.com/get-house-plan,https://www.houseyog.com/get-house-plan?p=5,27×42 North Facing 2BHK House Plan (1134 Sq Ft) - Modern Single Floor Design,2BHK house plan for 1134 sqft plot:  27x42 house plan North facing with 2 bed 2 bath,Layout: 27 x 42 ft,Built-up Area: 1134 sqft,View House Plan & Download PDF,Layout,Built-up Area,https://www.houseyog.com/res/floorplan/fp1236-27x42-house-plan-north-face-thumb-img.png
1777380565-37,https://www.houseyog.com/get-house-plan,https://www.houseyog.com/get-house-plan?p=7,Simple 3BHK House Plan 25x32 East Facing - 800 Sq Ft Budget Home,3BHK house plan for 800 sqft plot:  25x32 house plan East facing with 3 bed 1 bath,Layout: 25 x 32 ft,Built-up Area: 800 sqft,View House Plan & Download PDF,Layout,Built-up Area,https://www.houseyog.com/res/floorplan/fp1219-25x32-house-plan-east-face-thumb-img.png
1777380565-38,https://www.houseyog.com/get-house-plan,https://www.houseyog.com/get-house-plan?p=7,3 BHK House Plan (27×36) - East Facing 972 Sq Ft Home with Puja Room,3BHK house plan for 972 sqft plot:  27x36 house plan East facing with 3 bed 1 bath,Layout: 27 x 36 ft,Built-up Area: 972 sqft,View House Plan & Download PDF,Layout,Built-up Area,https://www.houseyog.com/res/floorplan/fp1215-27x36-house-plan-east-face-thumb-img.png
1777380565-39,https://www.houseyog.com/get-house-plan,https://www.houseyog.com/get-house-plan?p=7,3 Bedroom House Plan (23×31) - North Facing 3 BHK Home Design,3BHK house plan for 713 sqft plot:  23x31 house plan North facing with 3 bed 2 bath,Layout: 23 x 31 ft,Built-up Area: 713 sqft,View House Plan & Download PDF,Layout,Built-up Area,https://www.houseyog.com/res/floorplan/fp1216-23x31-house-plan-north-face-thumb-img.png
1777380565-40,https://www.houseyog.com/get-house-plan,https://www.houseyog.com/get-house-plan?p=7,2 BHK House Plan (20×38) - East Facing Home with Porch & Bike Parking,2BHK house plan for 760 sqft plot:  20x38 house plan North facing with 2 bed 1 bath and car parking,Layout: 20 x 38 ft,Built-up Area: 760 sqft,View House Plan & Download PDF,Layout,Built-up Area,https://www.houseyog.com/res/floorplan/fp1217-20x38-house-plan-north-face-thumb-img.png
1777380565-41,https://www.houseyog.com/get-house-plan,https://www.houseyog.com/get-house-plan?p=7,2 Bedroom House Plan with Porch - 23x40 East Facing 2 BHK House Plan (920 Sq Ft),2BHK house plan for 920 sqft plot:  23x40 house plan East facing with 2 bed 3 bath and car parking,Layout: 23 x 40 ft,Built-up Area: 920 sqft,View House Plan & Download PDF,Layout,Built-up Area,https://www.houseyog.com/res/floorplan/fp1213-23x40-house-plan-east-face-thumb-img.png
1777380565-42,https://www.houseyog.com/get-house-plan,https://www.houseyog.com/get-house-plan?p=7,2 Bedroom House Plan with Verandah - 24x35 East Facing 2 BHK (840 Sq Ft),2BHK house plan for 840 sqft plot:  24x35 house plan East facing with 2 bed 2 bath,Layout: 24 x 35 ft,Built-up Area: 840 sqft,View House Plan & Download PDF,Layout,Built-up Area,https://www.houseyog.com/res/floorplan/fp1214-24x35-house-plan-east-face-thumb-img.png
1777380565-43,https://www.houseyog.com/get-house-plan,https://www.houseyog.com/get-house-plan?p=7,2 Bedroom East Facing House Plan (22×33) - Single Floor 2BHK House Plan PDF,2BHK house plan for 726 sqft plot:  22x33 house plan East facing with 2 bed 1 bath,Layout: 22 x 33 ft,Built-up Area: 726 sqft,View House Plan & Download PDF,Layout,Built-up Area,https://www.houseyog.com/res/floorplan/fp1212-22x33-house-plan-east-face-thumb-img.png
1777380565-44,https://www.houseyog.com/get-house-plan,https://www.houseyog.com/get-house-plan?p=7,3BHK House Plan West Facing Single Floor (1350 Sq Ft) With Big Hall,3BHK house plan for 1350 sqft plot:  54x25 house plan West facing with 3 bed 2 bath,Layout: 54 x 25 ft,Built-up Area: 1350 sqft,View House Plan & Download PDF,Layout,Built-up Area,https://www.houseyog.com/res/floorplan/fp1210-54x25-house-plan-west-face-thumb-img.png
1777380565-45,https://www.houseyog.com/get-house-plan,https://www.houseyog.com/get-house-plan?p=7,3BHK House Plan West Facing Single Floor (Under 900 Sq Ft) – Compact Home Design,3BHK house plan for 858 sqft plot:  26x33 house plan West facing with 3 bed 2 bath,Layout: 26 x 33 ft,Built-up Area: 858 sqft,View House Plan & Download PDF,Layout,Built-up Area,https://www.houseyog.com/res/floorplan/fp1211-26x33-house-plan-west-face-thumb-img.png
1777380565-46,https://www.houseyog.com/get-house-plan,https://www.houseyog.com/get-house-plan?p=7,3BHK House Plan With Parking & Garden (1080 Sq Ft) - South-Facing Single Floor Design,3BHK house plan for 1080 sqft plot:  30x36 house plan South facing with 3 bed 2 bath and car parking,Layout: 30 x 36 ft,Built-up Area: 1080 sqft,View House Plan & Download PDF,Layout,Built-up Area,https://www.houseyog.com/res/floorplan/fp1208-30x36-house-plan-south-face-thumb-img.png
1777380565-47,https://www.houseyog.com/get-house-plan,https://www.houseyog.com/get-house-plan?p=7,2BHK House Plan With Car Parking (1050 Sq Ft) – East-Facing Single Floor Design,2BHK house plan for 1050 sqft plot:  25x42 house plan East facing with 2 bed 2 bath and car parking,Layout: 25 x 42 ft,Built-up Area: 1050 sqft,View House Plan & Download PDF,Layout,Built-up Area,https://www.houseyog.com/res/floorplan/fp1209-25x42-house-plan-east-face-thumb-img.png
1777380565-48,https://www.houseyog.com/get-house-plan,https://www.houseyog.com/get-house-plan?p=7,2BHK East-Facing House Plan With Parking (910 Sq Ft) – 26x35 Single Floor,2BHK house plan for 910 sqft plot:  26x35 house plan East facing with 2 bed 2 bath and car parking,Layout: 26 x 35 ft,Built-up Area: 910 sqft,View House Plan & Download PDF,Layout,Built-up Area,https://www.houseyog.com/res/floorplan/fp1207-26x35-house-plan-east-face-thumb-img.png
1777380567-49,https://www.houseyog.com/get-house-plan,https://www.houseyog.com/get-house-plan?p=9,30x40 East Facing 2BHK House Plan (1200 sq ft) - Spacious Single Floor Layout with Puja Room,2BHK house plan for 1200 sqft plot:  30x40 house plan East facing with 2 bed 2 bath,Layout: 30 x 40 ft,Built-up Area: 1200 sqft,View House Plan & Download PDF,Layout,Built-up Area,https://www.houseyog.com/res/floorplan/fp1221-30x40-house-plan-east-face-thumb-img.png
1777380567-50,https://www.houseyog.com/get-house-plan,https://www.houseyog.com/get-house-plan?p=9,35x63 East Facing 3BHK House Plan (2205 sq ft) - Spacious Single Floor Layout,3BHK house plan for 2205 sqft plot:  35x63 house plan East facing with 3 bed 3 bath and car parking,Layout: 35 x 63 ft,Built-up Area: 2205 sqft,View House Plan & Download PDF,Layout,Built-up Area,https://www.houseyog.com/res/floorplan/fp1195-35x63-house-plan-east-face-thumb-img.png
1777380567-51,https://www.houseyog.com/get-house-plan,https://www.houseyog.com/get-house-plan?p=9,"42x50 West Facing Single Floor 2BHK House Plan with Big Hall & Parking , at Darbhanga",2BHK house plan for 2100 sqft plot:  42x50 house plan West facing with 2 bed 2 bath and car parking,Layout: 42 x 50 ft,Built-up Area: 2100 sqft,View House Plan & Download PDF,Layout,Built-up Area,https://www.houseyog.com/res/floorplan/fp1196-42x50-house-plan-west-face-thumb-img.png
1777380567-52,https://www.houseyog.com/get-house-plan,https://www.houseyog.com/get-house-plan?p=9,25x32 House Plan South Facing – 2BHK Single Floor Layout (800 sq ft) | Ramgarh,2BHK house plan for 800 sqft plot:  25x32 house plan South facing with 2 bed 1 bath,Layout: 25 x 32 ft,Built-up Area: 800 sqft,View House Plan & Download PDF,Layout,Built-up Area,https://www.houseyog.com/res/floorplan/fp1193-25x32-house-plan-south-face-thumb-img.png
1777380567-53,https://www.houseyog.com/get-house-plan,https://www.houseyog.com/get-house-plan?p=9,28x42 House Plan East Facing – 3BHK Single Floor Layout with Parking (1176 sq ft) in Madhubani,3BHK house plan for 1176 sqft plot:  28x42 house plan East facing with 3 bed 1 bath and car parking,Layout: 28 x 42 ft,Built-up Area: 1176 sqft,View House Plan & Download PDF,Layout,Built-up Area,https://www.houseyog.com/res/floorplan/fp1194-28x42-house-plan-east-face-thumb-img.png
1777380567-54,https://www.houseyog.com/get-house-plan,https://www.houseyog.com/get-house-plan?p=9,25x30 House Plan North Facing – 1BHK + Guest Room Layout with Parking (750 sq ft),1BHK house plan for 750 sqft plot:  25x30 house plan North facing with 1 bed 1 bath and car parking,Layout: 25 x 30 ft,Built-up Area: 750 sqft,View House Plan & Download PDF,Layout,Built-up Area,https://www.houseyog.com/res/floorplan/fp1190-25x30-house-plan-north-face-thumb-img.png
1777380567-55,https://www.houseyog.com/get-house-plan,https://www.houseyog.com/get-house-plan?p=9,"22x50 House Plan West Facing – 2BHK, Parking in 1100 sq ft at Hazaribagh",2BHK house plan for 1100 sqft plot:  22x50 house plan West facing with 2 bed 2 bath and car parking,Layout: 22 x 50 ft,Built-up Area: 1100 sqft,View House Plan & Download PDF,Layout,Built-up Area,https://www.houseyog.com/res/floorplan/fp1191-22x50-house-plan-west-face-thumb-img.png
1777380567-56,https://www.houseyog.com/get-house-plan,https://www.houseyog.com/get-house-plan?p=9,31x38 House Plan West Facing – 3BHK Single Floor with Parking (1178 sq ft) at Dumka,3BHK house plan for 1178 sqft plot:  31x38 house plan East facing with 3 bed 2 bath and car parking,Layout: 31 x 38 ft,Built-up Area: 1178 sqft,View House Plan & Download PDF,Layout,Built-up Area,https://www.houseyog.com/res/floorplan/fp1192-31x38-house-plan-east-face-thumb-img.png
1777380567-57,https://www.houseyog.com/get-house-plan,https://www.houseyog.com/get-house-plan?p=9,26x32 House Plan - 832 Sq Ft West facing 2 BHK House Design,3BHK house plan for 832 sqft plot:  26x32 house plan West facing with 3 bed 2 bath,Layout: 26 x 32 ft,Built-up Area: 832 sqft,View House Plan & Download PDF,Layout,Built-up Area,https://www.houseyog.com/res/floorplan/fp1031-26x32-house-plan-west-face-thumb-img.jpg
1777380567-58,https://www.houseyog.com/get-house-plan,https://www.houseyog.com/get-house-plan?p=9,15x35 West Facing House Plan - 2 BHK Single Floor Village Home Design | 525 Sqft,2BHK house plan for 525 sqft plot:  15x35 house plan West facing with 2 bed 1 bath,Layout: 15 x 35 ft,Built-up Area: 525 sqft,View House Plan & Download PDF,Layout,Built-up Area,https://www.houseyog.com/res/floorplan/fp1050-15x35-house-plan-west-face-thumb-img.jpg
1777380567-59,https://www.houseyog.com/get-house-plan,https://www.houseyog.com/get-house-plan?p=9,24x30 House Plan East Facing – 2 BHK Single Floor with 2 Bathrooms and Spacious Kitchen,2BHK house plan for 720 sqft plot:  24x30 house plan East facing with 2 bed 2 bath,Layout: 24 x 30 ft,Built-up Area: 720 sqft,View House Plan & Download PDF,Layout,Built-up Area,https://www.houseyog.com/res/floorplan/fp1055-24x30-house-plan-east-face-thumb-img.jpg
1777380567-60,https://www.houseyog.com/get-house-plan,https://www.houseyog.com/get-house-plan?p=9,30x30 House Plan East Facing - 2 BHK with Spacious Hall and Car Parking,2BHK house plan for 900 sqft plot:  30x30 house plan East facing with 2 bed 1 bath and car parking,Layout: 30 x 30 ft,Built-up Area: 900 sqft,View House Plan & Download PDF,Layout,Built-up Area,https://www.houseyog.com/res/floorplan/fp1065-30x30-house-plan-east-face-thumb-img.jpg
1777380570-61,https://www.houseyog.com/get-house-plan,https://www.houseyog.com/get-house-plan?p=11,25x30 House Plan South Facing - 2BHK Single Floor Design for 750 sq ft Plot,2BHK house plan for 750 sqft plot:  25x30 house plan South facing with 2 bed 2 bath,Layout: 25 x 30 ft,Built-up Area: 750 sqft,View House Plan & Download PDF,Layout,Built-up Area,https://www.houseyog.com/res/floorplan/fp1178-25x30-house-plan-south-face-thumb-img.png
1777380570-62,https://www.houseyog.com/get-house-plan,https://www.houseyog.com/get-house-plan?p=11,24x42 South Facing 2BHK House Plan - 1008 sq ft Single Floor Layout with Parking,2BHK house plan for 1008 sqft plot:  24x42 house plan South facing with 2 bed 2 bath and car parking,Layout: 24 x 42 ft,Built-up Area: 1008 sqft,View House Plan & Download PDF,Layout,Built-up Area,https://www.houseyog.com/res/floorplan/fp1174-24x42-house-plan-south-face-thumb-img.png
1777380570-63,https://www.houseyog.com/get-house-plan,https://www.houseyog.com/get-house-plan?p=11,28x43 South Facing 2BHK House Plan - 1204 sq ft Single Floor Layout with Car Parking,2BHK house plan for 1204 sqft plot:  28x43 house plan East facing with 2 bed 1 bath and car parking,Layout: 28 x 43 ft,Built-up Area: 1204 sqft,View House Plan & Download PDF,Layout,Built-up Area,https://www.houseyog.com/res/floorplan/fp1175-28x43-house-plan-east-face-thumb-img.png
1777380570-64,https://www.houseyog.com/get-house-plan,https://www.houseyog.com/get-house-plan?p=11,29x34 East Facing House Plan - 3BHK Single Floor Villa (986 sq ft),3BHK house plan for 986 sqft plot:  29x34 house plan East facing with 3 bed 2 bath and car parking,Layout: 29 x 34 ft,Built-up Area: 986 sqft,View House Plan & Download PDF,Layout,Built-up Area,https://www.houseyog.com/res/floorplan/fp1171-29x34-house-plan-east-face-thumb-img.png
1777380570-65,https://www.houseyog.com/get-house-plan,https://www.houseyog.com/get-house-plan?p=11,30x45 North Facing 2BHK House Plan - 1350 sq ft Single Floor Layout with Parking,2BHK house plan for 1350 sqft plot:  30x45 house plan North facing with 2 bed 2 bath and car parking,Layout: 30 x 45 ft,Built-up Area: 1350 sqft,View House Plan & Download PDF,Layout,Built-up Area,https://www.houseyog.com/res/floorplan/fp1172-30x45-house-plan-north-face-thumb-img.png
1777380570-66,https://www.houseyog.com/get-house-plan,https://www.houseyog.com/get-house-plan?p=11,55x35 West Facing Bungalow Plan - 1925 sq ft 5BHK Luxury Villa Layout,2BHK house plan for 1925 sqft plot:  55x35 house plan West facing with 2 bed 3 bath and car parking,Layout: 55 x 35 ft,Built-up Area: 1925 sqft,View House Plan & Download PDF,Layout,Built-up Area,https://www.houseyog.com/res/floorplan/fp1173-55x35-house-plan-west-face-thumb-img.png
1777380570-67,https://www.houseyog.com/get-house-plan,https://www.houseyog.com/get-house-plan?p=11,22x50 East Facing House Plan - Compact 1 BHK Single Floor Layout (400 sq ft),1BHK house plan for 400 sqft plot:  16x25 house plan East facing with 1 bed 1 bath,Layout: 16 x 25 ft,Built-up Area: 400 sqft,View House Plan & Download PDF,Layout,Built-up Area,https://www.houseyog.com/res/floorplan/fp1166-16x25-house-plan-east-face-thumb-img.png
1777380570-68,https://www.houseyog.com/get-house-plan,https://www.houseyog.com/get-house-plan?p=11,36x42 West Facing House Plan - 4BHK Single Floor Bungalow (1512 sq ft),4BHK house plan for 1512 sqft plot:  36x42 house plan West facing with 4 bed 2 bath,Layout: 36 x 42 ft,Built-up Area: 1512 sqft,View House Plan & Download PDF,Layout,Built-up Area,https://www.houseyog.com/res/floorplan/fp1168-36x42-house-plan-west-face-thumb-img.png
1777380570-69,https://www.houseyog.com/get-house-plan,https://www.houseyog.com/get-house-plan?p=11,30x55 East Facing House Plan - 3BHK Single Floor Villa (1650 sq ft),3BHK house plan for 1650 sqft plot:  30x55 house plan East facing with 3 bed 2 bath and car parking,Layout: 30 x 55 ft,Built-up Area: 1650 sqft,View House Plan & Download PDF,Layout,Built-up Area,https://www.houseyog.com/res/floorplan/fp1169-30x55-house-plan-east-face-thumb-img.png
1777380570-70,https://www.houseyog.com/get-house-plan,https://www.houseyog.com/get-house-plan?p=11,22x50 House Plan North Facing - 3BHK with Shop - 1100 sq ft Single Floor Layout,3BHK house plan for 1100 sqft plot:  22x50 house plan North facing with 3 bed 1 bath,Layout: 22 x 50 ft,Built-up Area: 1100 sqft,View House Plan & Download PDF,Layout,Built-up Area,https://www.houseyog.com/res/floorplan/fp1164-22x50-house-plan-north-face-thumb-img.png
1777380570-71,https://www.houseyog.com/get-house-plan,https://www.houseyog.com/get-house-plan?p=11,41x40 House Plan North Facing - 3 BHK with Guest Room & Parking | 1640 sq ft Single Storey Layout,3BHK house plan for 1640 sqft plot:  41x40 house plan North facing with 3 bed 3 bath,Layout: 41 x 40 ft,Built-up Area: 1640 sqft,View House Plan & Download PDF,Layout,Built-up Area,https://www.houseyog.com/res/floorplan/fp1165-41x40-house-plan-north-face-thumb-img.png
1777380570-72,https://www.houseyog.com/get-house-plan,https://www.houseyog.com/get-house-plan?p=11,23x43 House Plan North Facing - 2 BHK Single Floor Layout (989 sq ft) with Porch,2BHK house plan for 989 sqft plot:  23x43 house plan North facing with 2 bed 2 bath,Layout: 23 x 43 ft,Built-up Area: 989 sqft,View House Plan & Download PDF,Layout,Built-up Area,https://www.houseyog.com/res/floorplan/fp1163-23x43-house-plan-north-face-thumb-img.png
1777380573-73,https://www.houseyog.com/get-house-plan,https://www.houseyog.com/get-house-plan?p=13,30x33 East Facing House Plan - 2 BHK Single Floor Home Design with Parking (990 sq ft),2BHK house plan for 990 sqft plot:  30x33 house plan East facing with 2 bed 1 bath and car parking,Layout: 30 x 33 ft,Built-up Area: 990 sqft,View House Plan & Download PDF,Layout,Built-up Area,https://www.houseyog.com/res/floorplan/fp1149-30x33-house-plan-east-face-thumb-img.png
1777380573-74,https://www.houseyog.com/get-house-plan,https://www.houseyog.com/get-house-plan?p=13,21x35 North Facing House Plan - 3 BHK Single Floor Layout on 735 sq ft Plot,3BHK house plan for 735 sqft plot:  21x35 house plan North facing with 3 bed 1 bath,Layout: 21 x 35 ft,Built-up Area: 735 sqft,View House Plan & Download PDF,Layout,Built-up Area,https://www.houseyog.com/res/floorplan/fp1150-21x35-house-plan-north-face-thumb-img.png
1777380573-75,https://www.houseyog.com/get-house-plan,https://www.houseyog.com/get-house-plan?p=13,41x42 East Facing House Plan - 2 BHK Single Floor Bungalow Layout on 1722 sq ft Plot,2BHK house plan for 1722 sqft plot:  41x42 house plan East facing with 2 bed 2 bath,Layout: 41 x 42 ft,Built-up Area: 1722 sqft,View House Plan & Download PDF,Layout,Built-up Area,https://www.houseyog.com/res/floorplan/fp1151-41x42-house-plan-east-face-thumb-img.png
1777380573-76,https://www.houseyog.com/get-house-plan,https://www.houseyog.com/get-house-plan?p=13,22x37 House Plan Single Story - East Facing 2 BHK Design on 836 sq ft Irregular Plot,2BHK house plan for 836 sqft plot:  23x37 house plan East facing with 2 bed 1 bath,Layout: 23 x 37 ft,Built-up Area: 836 sqft,View House Plan & Download PDF,Layout,Built-up Area,https://www.houseyog.com/res/floorplan/fp1139-22.6x37-house-plan-east-face-thumb-img.png
1777380573-77,https://www.houseyog.com/get-house-plan,https://www.houseyog.com/get-house-plan?p=13,50x60 West Facing 3 BHK House Plan - Single Floor Villa Design with Lawn & Open Space (3000 Sq Ft Plot),3BHK house plan for 3000 sqft plot:  50x60 house plan West facing with 3 bed 2 bath,Layout: 50 x 60 ft,Built-up Area: 3000 sqft,View House Plan & Download PDF,Layout,Built-up Area,https://www.houseyog.com/res/floorplan/fp1142-50x60-house-plan-west-face-thumb-img.png
1777380573-78,https://www.houseyog.com/get-house-plan,https://www.houseyog.com/get-house-plan?p=13,35x54 North Facing House Plan - 2 BHK Single Floor Design with Parking (1890 sq ft Plot),2BHK house plan for 1890 sqft plot:  35x54 house plan North facing with 2 bed 3 bath and car parking,Layout: 35 x 54 ft,Built-up Area: 1890 sqft,View House Plan & Download PDF,Layout,Built-up Area,https://www.houseyog.com/res/floorplan/fp1143-35x54-house-plan-north-face-thumb-img.png
1777380573-79,https://www.houseyog.com/get-house-plan,https://www.houseyog.com/get-house-plan?p=13,37x55 North Facing House Plan - 3 BHK Single Floor Design with Parking (2035 sq ft Plot),3BHK house plan for 2035 sqft plot:  37x55 house plan North facing with 3 bed 1 bath and car parking,Layout: 37 x 55 ft,Built-up Area: 2035 sqft,View House Plan & Download PDF,Layout,Built-up Area,https://www.houseyog.com/res/floorplan/fp1145-37x55-house-plan-north-face-thumb-img.png
1777380573-80,https://www.houseyog.com/get-house-plan,https://www.houseyog.com/get-house-plan?p=13,25x37 West Facing House Plan - 3 BHK Single Floor Design with Parking (925 sq ft Plot),2BHK house plan for 925 sqft plot:  25x37 house plan West facing with 2 bed 2 bath and car parking,Layout: 25 x 37 ft,Built-up Area: 925 sqft,View House Plan & Download PDF,Layout,Built-up Area,https://www.houseyog.com/res/floorplan/fp1146-25x37-house-plan-west-face-thumb-img.png
1777380573-81,https://www.houseyog.com/get-house-plan,https://www.houseyog.com/get-house-plan?p=13,"15x60 South Facing House Plan - 2BHK, 900 Sqft, Vastu Compliant",2BHK house plan for 900 sqft plot:  15x60 house plan South facing with 2 bed 2 bath,Layout: 15 x 60 ft,Built-up Area: 900 sqft,View House Plan & Download PDF,Layout,Built-up Area,https://www.houseyog.com/res/floorplan/fp1010-th-fp1010-15x60-house-plan-south-face-thumb-img.jpg
1777380573-82,https://www.houseyog.com/get-house-plan,https://www.houseyog.com/get-house-plan?p=13,20x30 South Facing 1BHK House Plan (600 sqft),"1BHK house plan for 600 sqft plot:  20x30 house plan South facing with 1 bed 3 bath, G+ 1 floors and car parking",Layout: 20 x 30 ft,Built-up Area: 600 sqft,View House Plan & Download PDF,Layout,Built-up Area,https://www.houseyog.com/res/floorplan/fp1011-th-fp1011-20x30-house-plan-south-face-thumb-img.jpg
1777380573-83,https://www.houseyog.com/get-house-plan,https://www.houseyog.com/get-house-plan?p=13,51x55 North Facing 4 BHK House Plan - Single Floor Design with Parking & Lawn (2805 Sq Ft Plot,4BHK house plan for 2805 sqft plot:  51x55 house plan North facing with 4 bed 2 bath and car parking,Layout: 51 x 55 ft,Built-up Area: 2805 sqft,View House Plan & Download PDF,Layout,Built-up Area,https://www.houseyog.com/res/floorplan/fp1141-51x55-house-plan-north-face-thumb-img.png
1777380573-84,https://www.houseyog.com/get-house-plan,https://www.houseyog.com/get-house-plan?p=13,28x42 East Facing 3 BHK House Plan - Single Floor Design with Balcony & Spacious Kitchen (1176 Sq Ft Plot),3BHK house plan for 1176 sqft plot:  28x42 house plan East facing with 3 bed 2 bath,Layout: 28 x 42 ft,Built-up Area: 1176 sqft,View House Plan & Download PDF,Layout,Built-up Area,https://www.houseyog.com/res/floorplan/fp1144-28x42-house-plan-east-face-thumb-img.png
1777380576-85,https://www.houseyog.com/get-house-plan,https://www.houseyog.com/get-house-plan?p=15,"90x50 Marriage Hall Design North Facing - 4500 Sq Ft Banquet Hall Plan with Dining, Garden & Parking",2BHK house plan for 4500 sqft plot:  90x50 house plan North facing with 2 bed 5 bath and car parking,Layout: 90 x 50 ft,Built-up Area: 4500 sqft,View House Plan & Download PDF,Layout,Built-up Area,https://www.houseyog.com/res/floorplan/fp1140-90x50-house-plan-north-face-thumb-img.png
1777380576-86,https://www.houseyog.com/get-house-plan,https://www.houseyog.com/get-house-plan?p=15,30x41 House Plan North Facing - 4 BHK Design for Two Brothers on 1230 Sq Ft Plot,4BHK house plan for 1230 sqft plot:  30x41 house plan North facing with 4 bed 2 bath,Layout: 30 x 41 ft,Built-up Area: 1230 sqft,View House Plan & Download PDF,Layout,Built-up Area,https://www.houseyog.com/res/floorplan/fp1124-30x41-house-plan-north-face-thumb-img.png
1777380576-87,https://www.houseyog.com/get-house-plan,https://www.houseyog.com/get-house-plan?p=15,21x29 House Plan West Facing - 2 BHK Smart Layout on 609 Sq Ft Plot for Budget Construction,2BHK house plan for 609 sqft plot:  21x29 house plan West facing with 2 bed 1 bath and car parking,Layout: 21 x 29 ft,Built-up Area: 609 sqft,View House Plan & Download PDF,Layout,Built-up Area,https://www.houseyog.com/res/floorplan/fp1122-21x29-house-plan-west-face-thumb-img.png
1777380576-88,https://www.houseyog.com/get-house-plan,https://www.houseyog.com/get-house-plan?p=15,26x35 House Plan East Facing - 3 BHK Layout on 910 Sq Ft Plot with Living Room & Dining,3BHK house plan for 910 sqft plot:  26x35 house plan East facing with 3 bed 1 bath,Layout: 26 x 35 ft,Built-up Area: 910 sqft,View House Plan & Download PDF,Layout,Built-up Area,https://www.houseyog.com/res/floorplan/fp1123-26x35-house-plan-east-face-thumb-img.png
1777380576-89,https://www.houseyog.com/get-house-plan,https://www.houseyog.com/get-house-plan?p=15,27x40 House Plan West Facing - 3 BHK Layout on 1080 Sq Ft Plot with Open Kitchen & Dining,3BHK house plan for 1080 sqft plot:  27x40 house plan West facing with 3 bed 2 bath,Layout: 27 x 40 ft,Built-up Area: 1080 sqft,View House Plan & Download PDF,Layout,Built-up Area,https://www.houseyog.com/res/floorplan/fp1105-27x40-house-plan-west-face-thumb-img.jpg
1777380576-90,https://www.houseyog.com/get-house-plan,https://www.houseyog.com/get-house-plan?p=15,31x37 House Plan West Facing - 2 BHK Layout with Dining & Store on 1147 Sq Ft Plot,2BHK house plan for 1147 sqft plot:  31x37 house plan West facing with 2 bed 2 bath,Layout: 31 x 37 ft,Built-up Area: 1147 sqft,View House Plan & Download PDF,Layout,Built-up Area,https://www.houseyog.com/res/floorplan/fp1107-31x37-house-plan-west-face-thumb-img.jpg
1777380576-91,https://www.houseyog.com/get-house-plan,https://www.houseyog.com/get-house-plan?p=15,"40x48 House Plan South Facing - Spacious 3 BHK Design on 1920 Sq Ft with Parking, Dining & Separate Living Area",3BHK house plan for 1920 sqft plot:  40x48 house plan South facing with 3 bed 3 bath and car parking,Layout: 40 x 48 ft,Built-up Area: 1920 sqft,View House Plan & Download PDF,Layout,Built-up Area,https://www.houseyog.com/res/floorplan/fp1121-40x48-house-plan-south-face-thumb-img.png
1777380576-92,https://www.houseyog.com/get-house-plan,https://www.houseyog.com/get-house-plan?p=15,26x41 House Plan West Facing - 3 BHK with Parking on 1066 Sq Ft Plot,3BHK house plan for 1066 sqft plot:  26x41 house plan West facing with 3 bed 3 bath and car parking,Layout: 26 x 41 ft,Built-up Area: 1066 sqft,View House Plan & Download PDF,Layout,Built-up Area,https://www.houseyog.com/res/floorplan/fp1119-26x41-house-plan-west-face-thumb-img.jpg
1777380576-93,https://www.houseyog.com/get-house-plan,https://www.houseyog.com/get-house-plan?p=15,"22x32 House Plan East Facing - 2 BHK, 2 Bath on 704 Sq Ft Plot | Perfect for Small Families",2BHK house plan for 704 sqft plot:  22x32 house plan East facing with 2 bed 2 bath,Layout: 22 x 32 ft,Built-up Area: 704 sqft,View House Plan & Download PDF,Layout,Built-up Area,https://www.houseyog.com/res/floorplan/fp1120-22x32-house-plan-east-face-thumb-img.jpg
1777380576-94,https://www.houseyog.com/get-house-plan,https://www.houseyog.com/get-house-plan?p=15,16x32 House Plan North Facing - 1 BHK Rental Studio Setup on 512 Sq Ft Plot,1BHK house plan for 512 sqft plot:  16x32 house plan North facing with 1 bed 1 bath,Layout: 16 x 32 ft,Built-up Area: 512 sqft,View House Plan & Download PDF,Layout,Built-up Area,https://www.houseyog.com/res/floorplan/fp1117-16x32-house-plan-north-face-thumb-img.jpg
1777380576-95,https://www.houseyog.com/get-house-plan,https://www.houseyog.com/get-house-plan?p=15,25x34 House Plan North Facing - Smart 3 BHK Layout on 850 Sq Ft Plot with Spacious Hall and Porch,3BHK house plan for 850 sqft plot:  25x34 house plan North facing with 3 bed 1 bath,Layout: 25 x 34 ft,Built-up Area: 850 sqft,View House Plan & Download PDF,Layout,Built-up Area,https://www.houseyog.com/res/floorplan/fp1118-25x34-house-plan-north-face-thumb-img.jpg
1777380576-96,https://www.houseyog.com/get-house-plan,https://www.houseyog.com/get-house-plan?p=15,"28x42 House Plan West Facing - 2 BHK with Parking, Porch & 2 Baths on 1176 Sq Ft",2BHK house plan for 1176 sqft plot:  28x42 house plan West facing with 2 bed 2 bath and car parking,Layout: 28 x 42 ft,Built-up Area: 1176 sqft,View House Plan & Download PDF,Layout,Built-up Area,https://www.houseyog.com/res/floorplan/fp1114-28x42-house-plan-west-face-thumb-img.jpg
1777380578-97,https://www.houseyog.com/get-house-plan,https://www.houseyog.com/get-house-plan?p=17,30x47 West Facing 3BHK House Plan with Parking and Store - 1410 sq ft Layout,3BHK house plan for 1410 sqft plot:  30x47 house plan East facing with 3 bed 1 bath and car parking,Layout: 30 x 47 ft,Built-up Area: 1410 sqft,View House Plan & Download PDF,Layout,Built-up Area,https://www.houseyog.com/res/floorplan/fp1100-30x47-house-plan-east-face-thumb-img.jpg
1777380578-98,https://www.houseyog.com/get-house-plan,https://www.houseyog.com/get-house-plan?p=17,"27x45 East Facing House Plan - Luxurious 2 BHK with Parking, Store & Puja Room (1215 sq ft)",2BHK house plan for 1215 sqft plot:  27x45 house plan East facing with 2 bed 3 bath and car parking,Layout: 27 x 45 ft,Built-up Area: 1215 sqft,View House Plan & Download PDF,Layout,Built-up Area,https://www.houseyog.com/res/floorplan/fp1101-27x45-house-plan-east-face-thumb-img.jpg
1777380578-99,https://www.houseyog.com/get-house-plan,https://www.houseyog.com/get-house-plan?p=17,34x48 North Facing 3BHK House Plan - Spacious Design with Parking on 1632 sq ft Plot,3BHK house plan for 1632 sqft plot:  34x48 house plan North facing with 3 bed 1 bath and car parking,Layout: 34 x 48 ft,Built-up Area: 1632 sqft,View House Plan & Download PDF,Layout,Built-up Area,https://www.houseyog.com/res/floorplan/fp1097-34x48-house-plan-north-face-thumb-img.jpg
1777380578-100,https://www.houseyog.com/get-house-plan,https://www.houseyog.com/get-house-plan?p=17,20x28 West Facing 2BHK House Plan - Compact & Smart Layout on 560 sq ft,2BHK house plan for 560 sqft plot:  20x28 house plan West facing with 2 bed 1 bath,Layout: 20 x 28 ft,Built-up Area: 560 sqft,View House Plan & Download PDF,Layout,Built-up Area,https://www.houseyog.com/res/floorplan/fp1098-20x28-house-plan-west-face-thumb-img.jpg
1777380578-101,https://www.houseyog.com/get-house-plan,https://www.houseyog.com/get-house-plan?p=17,"25x35 House Plan - South Facing, 3 BHK, 1 Bath",3BHK house plan for 875 sqft plot:  25x35 house plan South facing with 3 bed 1 bath,Layout: 25 x 35 ft,Built-up Area: 875 sqft,View House Plan & Download PDF,Layout,Built-up Area,https://www.houseyog.com/res/floorplan/fp1040-25x35-house-plan-south-face-thumb-img.jpg
1777380578-102,https://www.houseyog.com/get-house-plan,https://www.houseyog.com/get-house-plan?p=17,22x40 North Facing 2BHK House Plan - Smart Layout on 880 sq ft Plot with Bike Parking,2BHK house plan for 880 sqft plot:  22x40 house plan North facing with 2 bed 2 bath and car parking,Layout: 22 x 40 ft,Built-up Area: 880 sqft,View House Plan & Download PDF,Layout,Built-up Area,https://www.houseyog.com/res/floorplan/fp1095-22x40-house-plan-north-face-thumb-img.jpg
1777380578-103,https://www.houseyog.com/get-house-plan,https://www.houseyog.com/get-house-plan?p=17,"50x60 North Facing 3BHK Bungalow House Plan with Pool, Parking & Garden on 3000 sq ft Plot",3BHK house plan for 3000 sqft plot:  50x60 house plan North facing with 3 bed 3 bath and car parking,Layout: 50 x 60 ft,Built-up Area: 3000 sqft,View House Plan & Download PDF,Layout,Built-up Area,https://www.houseyog.com/res/floorplan/fp1092-50x60-house-plan-north-face-thumb-img.jpg
1777380578-104,https://www.houseyog.com/get-house-plan,https://www.houseyog.com/get-house-plan?p=17,29x44 North Facing 2BHK House Plan with Car Parking & Porch on 1276 sq ft Plot,2BHK house plan for 1276 sqft plot:  29x44 house plan North facing with 2 bed 3 bath and car parking,Layout: 29 x 44 ft,Built-up Area: 1276 sqft,View House Plan & Download PDF,Layout,Built-up Area,https://www.houseyog.com/res/floorplan/fp1093-29x44-house-plan-north-face-thumb-img.jpg
1777380578-105,https://www.houseyog.com/get-house-plan,https://www.houseyog.com/get-house-plan?p=17,"25x33 North Facing 2BHK House Plan with Living Room, 2 Baths on 825 sq ft Plot",2BHK house plan for 825 sqft plot:  25x33 house plan North facing with 2 bed 2 bath,Layout: 25 x 33 ft,Built-up Area: 825 sqft,View House Plan & Download PDF,Layout,Built-up Area,https://www.houseyog.com/res/floorplan/fp1094-25x33-house-plan-north-face-thumb-img.jpg
1777380578-106,https://www.houseyog.com/get-house-plan,https://www.houseyog.com/get-house-plan?p=17,22x30 North Facing 3BHK House Plan - Smart Layout on 660 sq ft Plot,3BHK house plan for 660 sqft plot:  22x30 house plan North facing with 3 bed 1 bath,Layout: 22 x 30 ft,Built-up Area: 660 sqft,View House Plan & Download PDF,Layout,Built-up Area,https://www.houseyog.com/res/floorplan/fp1096-22x30-house-plan-north-face-thumb-img.jpg
1777380578-107,https://www.houseyog.com/get-house-plan,https://www.houseyog.com/get-house-plan?p=17,28x46 South Facing 4BHK House Plan with Drawing Room & Big Hall on 1288 sq ft Plot,4BHK house plan for 1288 sqft plot:  28x46 house plan South facing with 4 bed 1 bath,Layout: 28 x 46 ft,Built-up Area: 1288 sqft,View House Plan & Download PDF,Layout,Built-up Area,https://www.houseyog.com/res/floorplan/fp1090-28x46-house-plan-south-face-thumb-img.jpg
1777380578-108,https://www.houseyog.com/get-house-plan,https://www.houseyog.com/get-house-plan?p=17,"34x47 West Facing 3BHK House Plan with Parking, Drawing Room & Store on 1598 sq ft Plot",3BHK house plan for 1598 sqft plot:  34x47 house plan West facing with 3 bed 2 bath and car parking,Layout: 34 x 47 ft,Built-up Area: 1598 sqft,View House Plan & Download PDF,Layout,Built-up Area,https://www.houseyog.com/res/floorplan/fp1091-34x47-house-plan-west-face-thumb-img.jpg
1777380581-109,https://www.houseyog.com/get-house-plan,https://www.houseyog.com/get-house-plan?p=19,21x35 House Plan North Facing - 3 Bedroom Village Home Design on 735 Sq Ft,3BHK house plan for 735 sqft plot:  21x35 house plan North facing with 3 bed 1 bath,Layout: 21 x 35 ft,Built-up Area: 735 sqft,View House Plan & Download PDF,Layout,Built-up Area,https://www.houseyog.com/res/floorplan/fp1076-21x35-house-plan-north-face-thumb-img.jpg
1777380581-110,https://www.houseyog.com/get-house-plan,https://www.houseyog.com/get-house-plan?p=19,"20x20 South Facing House Plan - 2BHK, 400 Sqft (Vastu Compliant)","3BHK house plan for 400 sqft plot:  20x20 house plan South facing with 3 bed 3 bath, G+ 1 floors",Layout: 20 x 20 ft,Built-up Area: 400 sqft,View House Plan & Download PDF,Layout,Built-up Area,https://www.houseyog.com/res/floorplan/fp1012-th-fp1012-20x20-house-plan-south-face-thumb-img.jpg
1777380581-111,https://www.houseyog.com/get-house-plan,https://www.houseyog.com/get-house-plan?p=19,"20x30 South Facing House Plan - 2BHK, 600 Sqft (Vastu Compliant)","2BHK house plan for 600 sqft plot:  20x30 house plan South facing with 2 bed 3 bath, G+ 1 floors",Layout: 20 x 30 ft,Built-up Area: 600 sqft,View House Plan & Download PDF,Layout,Built-up Area,https://www.houseyog.com/res/floorplan/fp1013-th-fp1013-20x30-house-plan-south-face-thumb-img.jpg
1777380581-112,https://www.houseyog.com/get-house-plan,https://www.houseyog.com/get-house-plan?p=19,35x35 South Facing House Plan - Smart 4 BHK Design on 1225 Sqft Plot,4BHK house plan for 1225 sqft plot:  35x35 house plan South facing with 4 bed 2 bath,Layout: 35 x 35 ft,Built-up Area: 1225 sqft,View House Plan & Download PDF,Layout,Built-up Area,https://www.houseyog.com/res/floorplan/fp1014-th-fp1014-35x35-house-plan-south-face-thumb-img.jpg
1777380581-113,https://www.houseyog.com/get-house-plan,https://www.houseyog.com/get-house-plan?p=19,"20x40 South Facing House Plan - 2BHK, 800 Sqft (Vastu Compliant)","3BHK house plan for 800 sqft plot:  20x40 house plan South facing with 3 bed 3 bath, G+ 1 floors",Layout: 20 x 40 ft,Built-up Area: 800 sqft,View House Plan & Download PDF,Layout,Built-up Area,https://www.houseyog.com/res/floorplan/fp1015-th-fp1015-20x40-house-plan-south-face-thumb-img.jpg
1777380581-114,https://www.houseyog.com/get-house-plan,https://www.houseyog.com/get-house-plan?p=19,20x45 South Facing House Plan – Smart 3 BHK Design on 900 Sqft Plot,"3BHK house plan for 900 sqft plot:  20x45 house plan South facing with 3 bed 3 bath, G+ 1 floors",Layout: 20 x 45 ft,Built-up Area: 900 sqft,View House Plan & Download PDF,Layout,Built-up Area,https://www.houseyog.com/res/floorplan/fp1016-th-fp1016-20x45-house-plan-south-face-thumb-img.jpg
1777380581-115,https://www.houseyog.com/get-house-plan,https://www.houseyog.com/get-house-plan?p=19,"30x60 South Facing House Plan - 2BHK, 1800 Sqft (Vastu Compliant)",3BHK house plan for 1800 sqft plot:  30x60 house plan South facing with 3 bed 2 bath and car parking,Layout: 30 x 60 ft,Built-up Area: 1800 sqft,View House Plan & Download PDF,Layout,Built-up Area,https://www.houseyog.com/res/floorplan/fp1017-30x60-house-plan-south-face-thumb-img.jpg
1777380581-116,https://www.houseyog.com/get-house-plan,https://www.houseyog.com/get-house-plan?p=19,"25x50 South Facing House Plan - 4BHK, 1250 Sqft (Vastu Compliant)",4BHK house plan for 1250 sqft plot:  25x50 house plan South facing with 4 bed 1 bath,Layout: 25 x 50 ft,Built-up Area: 1250 sqft,View House Plan & Download PDF,Layout,Built-up Area,https://www.houseyog.com/res/floorplan/fp1018-th-fp1018-25x50-house-plan-south-face-thumb-img.jpg
1777380581-117,https://www.houseyog.com/get-house-plan,https://www.houseyog.com/get-house-plan?p=19,"26x48 South Facing House Plan - 2BHK, 1248 Sqft (Vastu Plan)",2BHK house plan for 1248 sqft plot:  26x48 house plan South facing with 2 bed 2 bath and car parking,Layout: 26 x 48 ft,Built-up Area: 1248 sqft,View House Plan & Download PDF,Layout,Built-up Area,https://www.houseyog.com/res/floorplan/fp1020-th-fp1020-26x48-house-plan-south-face-thumb-img.jpg
1777380581-118,https://www.houseyog.com/get-house-plan,https://www.houseyog.com/get-house-plan?p=19,"30x25 South Facing House Plan - 2BHK, Parking on 750 Sqft","2BHK house plan for 750 sqft plot:  30x25 house plan South facing with 2 bed 1 bath, G+ 1 floors and car parking",Layout: 30 x 25 ft,Built-up Area: 750 sqft,View House Plan & Download PDF,Layout,Built-up Area,https://www.houseyog.com/res/floorplan/fp1021-th-fp1021-30x25-house-plan-south-face-thumb-img.jpg
1777380581-119,https://www.houseyog.com/get-house-plan,https://www.houseyog.com/get-house-plan?p=19,"25x32 South Facing House Plan - 2BHK, 800 Sqft (Vastu Compliant)",2BHK house plan for 800 sqft plot:  25x32 house plan South facing with 2 bed 1 bath,Layout: 25 x 32 ft,Built-up Area: 800 sqft,View House Plan & Download PDF,Layout,Built-up Area,https://www.houseyog.com/res/floorplan/fp1022-th-fp1022-25x32-house-plan-south-face-thumb-img.jpg
1777380581-120,https://www.houseyog.com/get-house-plan,https://www.houseyog.com/get-house-plan?p=19,"33x53 South Facing House Plan - 5BHK, 1749 Sqft (Vastu Compliant)","5BHK house plan for 1749 sqft plot:  33x53 house plan South facing with 5 bed 5 bath, G+ 1 floors and car parking",Layout: 33 x 53 ft,Built-up Area: 1749 sqft,View House Plan & Download PDF,Layout,Built-up Area,https://www.houseyog.com/res/floorplan/fp1023-th-fp1023-33x53-house-plan-south-face-thumb-img.jpg
1777380584-121,https://www.houseyog.com/get-house-plan,https://www.houseyog.com/get-house-plan?p=21,"32x45 North Facing House Plan - 1440 sqft, 2 BHK, Parking",2BHK house plan for 1440 sqft plot:  32x45 house plan North facing with 2 bed 2 bath and car parking,Layout: 32 x 45 ft,Built-up Area: 1440 sqft,View House Plan & Download PDF,Layout,Built-up Area,https://www.houseyog.com/res/floorplan/fp1038-32x45-house-plan-north-face-thumb-img.jpg
1777380584-122,https://www.houseyog.com/get-house-plan,https://www.houseyog.com/get-house-plan?p=21,58x32 North Facing House Plan with Dalan - 4BHK Village Style Single Floor Home Design,4BHK house plan for 1856 sqft plot:  58x32 house plan North facing with 4 bed 2 bath,Layout: 58 x 32 ft,Built-up Area: 1856 sqft,View House Plan & Download PDF,Layout,Built-up Area,https://www.houseyog.com/res/floorplan/fp1039-58x32-house-plan-north-face-thumb-img.jpg
1777380584-123,https://www.houseyog.com/get-house-plan,https://www.houseyog.com/get-house-plan?p=21,"45x45 South Facing House Plan - 5 BHK, 3 Bath Single Floor Design",5BHK house plan for 2025 sqft plot:  45x45 house plan South facing with 5 bed 3 bath,Layout: 45 x 45 ft,Built-up Area: 2025 sqft,View House Plan & Download PDF,Layout,Built-up Area,https://www.houseyog.com/res/floorplan/fp1041-45x45-house-plan-south-face-thumb-img.jpg
1777380584-124,https://www.houseyog.com/get-house-plan,https://www.houseyog.com/get-house-plan?p=21,24x30 East Facing House Plan - 2 BHK Single Floor Design on 720 Sqft,2BHK house plan for 720 sqft plot:  24x30 house plan East facing with 2 bed 2 bath,Layout: 24 x 30 ft,Built-up Area: 720 sqft,View House Plan & Download PDF,Layout,Built-up Area,https://www.houseyog.com/res/floorplan/fp1042-24x30-house-plan-east-face-thumb-img.jpg
1777380584-125,https://www.houseyog.com/get-house-plan,https://www.houseyog.com/get-house-plan?p=21,36x50 East Facing House Plan - 3 BHK Single Floor Design on 1800 Sqft Plot,3BHK house plan for 1800 sqft plot:  36x50 house plan East facing with 3 bed 3 bath,Layout: 36 x 50 ft,Built-up Area: 1800 sqft,View House Plan & Download PDF,Layout,Built-up Area,https://www.houseyog.com/res/floorplan/fp1043-36x50-house-plan-east-face-thumb-img.jpg
1777380584-126,https://www.houseyog.com/get-house-plan,https://www.houseyog.com/get-house-plan?p=21,32x36 South Facing House Plan - 3 BHK 1152 Sqft Village Home Design,3BHK house plan for 1152 sqft plot:  32x36 house plan South facing with 3 bed 2 bath,Layout: 32 x 36 ft,Built-up Area: 1152 sqft,View House Plan & Download PDF,Layout,Built-up Area,https://www.houseyog.com/res/floorplan/fp1044-32x36-house-plan-south-face-thumb-img.jpg
1777380584-127,https://www.houseyog.com/get-house-plan,https://www.houseyog.com/get-house-plan?p=21,30x25 South Facing House Plan - 3 BHK Duplex with Porch on 750 Sqft,1BHK house plan for 750 sqft plot:  30x25 house plan South facing with 1 bed 1 bath,Layout: 30 x 25 ft,Built-up Area: 750 sqft,View House Plan & Download PDF,Layout,Built-up Area,https://www.houseyog.com/res/floorplan/fp1045-30x25-house-plan-south-face-thumb-img.jpg
1777380584-128,https://www.houseyog.com/get-house-plan,https://www.houseyog.com/get-house-plan?p=21,25x30 South Facing House Plan - 3 BHK Single-Floor Design with Parking on 750 Sqft,3BHK house plan for 750 sqft plot:  25x30 house plan South facing with 3 bed 1 bath and car parking,Layout: 25 x 30 ft,Built-up Area: 750 sqft,View House Plan & Download PDF,Layout,Built-up Area,https://www.houseyog.com/res/floorplan/fp1046-25x30-house-plan-south-face-thumb-img.jpg
1777380584-129,https://www.houseyog.com/get-house-plan,https://www.houseyog.com/get-house-plan?p=21,"30x38 East Facing House Plan - 3 BHK, 2 Bath, Store & Covered Parking | 1140 Sqft",3BHK house plan for 1140 sqft plot:  30x38 house plan East facing with 3 bed 2 bath and car parking,Layout: 30 x 38 ft,Built-up Area: 1140 sqft,View House Plan & Download PDF,Layout,Built-up Area,https://www.houseyog.com/res/floorplan/fp1047-30x38-house-plan-east-face-thumb-img.jpg
1777380584-130,https://www.houseyog.com/get-house-plan,https://www.houseyog.com/get-house-plan?p=21,15x30 South Facing House Plan - 1 BHK Small Home Design with Dining & Bike Parking | 450 Sqft,1BHK house plan for 450 sqft plot:  15x30 house plan South facing with 1 bed 1 bath,Layout: 15 x 30 ft,Built-up Area: 450 sqft,View House Plan & Download PDF,Layout,Built-up Area,https://www.houseyog.com/res/floorplan/fp1048-15x30-house-plan-south-face-thumb-img.jpg
1777380584-131,https://www.houseyog.com/get-house-plan,https://www.houseyog.com/get-house-plan?p=21,30x40 West Facing House Plan – 3 BHK Single Floor Design with Open Parking | 1200 Sqft Village Home,3BHK house plan for 1200 sqft plot:  30x40 house plan West facing with 3 bed 1 bath and car parking,Layout: 30 x 40 ft,Built-up Area: 1200 sqft,View House Plan & Download PDF,Layout,Built-up Area,https://www.houseyog.com/res/floorplan/fp1049-30x40-house-plan-west-face-thumb-img.jpg
1777380584-132,https://www.houseyog.com/get-house-plan,https://www.houseyog.com/get-house-plan?p=21,"18x19 Tiny 1 BHK House Design - Smart Layout for Small Plot in Dhapa, Kolkata",1BHK house plan for 362 sqft plot:  18x20 house plan East facing with 1 bed 1 bath,Layout: 18 x 20 ft,Built-up Area: 362 sqft,View House Plan & Download PDF,Layout,Built-up Area,https://www.houseyog.com/res/floorplan/fp1051-18x19-house-plan-east-face-thumb-img.jpg
1777380587-133,https://www.houseyog.com/get-house-plan,https://www.houseyog.com/get-house-plan?p=23,25x32 House Plan East Facing - Compact 3BHK with Kitchen Store & Hall (800 Sqft),3BHK house plan for 800 sqft plot:  25x32 house plan East facing with 3 bed 1 bath,Layout: 25 x 32 ft,Built-up Area: 800 sqft,View House Plan & Download PDF,Layout,Built-up Area,https://www.houseyog.com/res/floorplan/fp1067-25x32-house-plan-east-face-thumb-img.jpg
1777380587-134,https://www.houseyog.com/get-house-plan,https://www.houseyog.com/get-house-plan?p=23,"27x39 House Plan North Facing - 3BHK with 2 Bath, Kitchen Store & Spacious Hall (1053 Sqft)",3BHK house plan for 1053 sqft plot:  27x39 house plan North facing with 3 bed 2 bath,Layout: 27 x 39 ft,Built-up Area: 1053 sqft,View House Plan & Download PDF,Layout,Built-up Area,https://www.houseyog.com/res/floorplan/fp1068-27x39-house-plan-north-face-thumb-img.jpg
1777380587-135,https://www.houseyog.com/get-house-plan,https://www.houseyog.com/get-house-plan?p=23,20x40 House Plan North Facing - Spacious 3BHK for 800 sq ft plot (Hazaribagh),3BHK house plan for 800 sqft plot:  20x40 house plan North facing with 3 bed 1 bath,Layout: 20 x 40 ft,Built-up Area: 800 sqft,View House Plan & Download PDF,Layout,Built-up Area,https://www.houseyog.com/res/floorplan/fp1069-20x40-house-plan-north-face-thumb-img.jpg
1777380587-136,https://www.houseyog.com/get-house-plan,https://www.houseyog.com/get-house-plan?p=23,26x32 House Plan East Facing - 3BHK with Spacious Hall and Kitchen (832 Sqft),3BHK house plan for 832 sqft plot:  26x32 house plan East facing with 3 bed 1 bath,Layout: 26 x 32 ft,Built-up Area: 832 sqft,View House Plan & Download PDF,Layout,Built-up Area,https://www.houseyog.com/res/floorplan/fp1070-26x32-house-plan-east-face-thumb-img.jpg
1777380587-137,https://www.houseyog.com/get-house-plan,https://www.houseyog.com/get-house-plan?p=23,27x37 House Plan North Facing - 2BHK + Guest Room with Kitchen & Store (999 Sqft),2BHK house plan for 999 sqft plot:  27x37 house plan North facing with 2 bed 1 bath,Layout: 27 x 37 ft,Built-up Area: 999 sqft,View House Plan & Download PDF,Layout,Built-up Area,https://www.houseyog.com/res/floorplan/fp1071-27x37-house-plan-north-face-thumb-img.jpg
1777380587-138,https://www.houseyog.com/get-house-plan,https://www.houseyog.com/get-house-plan?p=23,"25x45 House Plan South Facing - 3BHK with Store, Car Parking on 1125 Sqft Plot",3BHK house plan for 1125 sqft plot:  25x45 house plan South facing with 3 bed 1 bath and car parking,Layout: 25 x 45 ft,Built-up Area: 1125 sqft,View House Plan & Download PDF,Layout,Built-up Area,https://www.houseyog.com/res/floorplan/fp1072-25x45-house-plan-south-face-thumb-img.jpg
1777380587-139,https://www.houseyog.com/get-house-plan,https://www.houseyog.com/get-house-plan?p=23,22x40 House Plan North Facing - 2 BHK with Store and Dalan on 880 Sqft Plot,2BHK house plan for 880 sqft plot:  22x40 house plan North facing with 2 bed 1 bath,Layout: 22 x 40 ft,Built-up Area: 880 sqft,View House Plan & Download PDF,Layout,Built-up Area,https://www.houseyog.com/res/floorplan/fp1073-22x40-house-plan-north-face-thumb-img.jpg
1777380587-140,https://www.houseyog.com/get-house-plan,https://www.houseyog.com/get-house-plan?p=23,"30x50 House Plan North Facing - 3 BHK with Car Parking, Puja Space & Store on 1500 Sqft",3BHK house plan for 1500 sqft plot:  30x50 house plan North facing with 3 bed 2 bath and car parking,Layout: 30 x 50 ft,Built-up Area: 1500 sqft,View House Plan & Download PDF,Layout,Built-up Area,https://www.houseyog.com/res/floorplan/fp1074-30x50-house-plan-north-face-thumb-img.jpg
1777380587-141,https://www.houseyog.com/get-house-plan,https://www.houseyog.com/get-house-plan?p=23,29x35 House Plan North Facing - 3 BHK with Puja Room and Dalan (1015 Sqft),3BHK house plan for 1015 sqft plot:  29x35 house plan North facing with 3 bed 1 bath,Layout: 29 x 35 ft,Built-up Area: 1015 sqft,View House Plan & Download PDF,Layout,Built-up Area,https://www.houseyog.com/res/floorplan/fp1075-29x35-house-plan-north-face-thumb-img.jpg
